District,Local Body Type,Local Body ID,Local Body,Ward Number,Ward Name,Candidate,Party,Front,Votes,Year
Wayanad,Grama Panchayat,G12010,Ambalavayal,1,KARACHAL,നിഷ,INC,UDF,532,2025
Wayanad,Grama Panchayat,G12010,Ambalavayal,2,KUMBALERY,പി.യു.ജോസ്,INC,UDF,604,2025
Wayanad,Grama Panchayat,G12010,Ambalavayal,3,AAYIRAMKOLLI,ഷഫീക്.പി,INC,UDF,474,2025
Wayanad,Grama Panchayat,G12010,Ambalavayal,4,KUPPAMUDI,എൻ.കെ.ശ്രീധരൻ,CPI(M),LDF,413,2025
Wayanad,Grama Panchayat,G12010,Ambalavayal,5,EECHAMANIKUNNU,സുനിത ശിവരാമൻ,CPI(M),LDF,463,2025
Wayanad,Grama Panchayat,G12010,Ambalavayal,6,AMBALAVAYAL TOWN,സിന്ധു. റ്റി. റ്റി,INC,UDF,544,2025
Wayanad,Grama Panchayat,G12010,Ambalavayal,7,KUTTIKAITHA,റജില ഷാഫി,INC,UDF,533,2025
Wayanad,Grama Panchayat,G12010,Ambalavayal,8,NEERCHAL,സുരേഷ്,IUML,UDF,624,2025
Wayanad,Grama Panchayat,G12010,Ambalavayal,9,ANDOOR,റംല സുലൈമാൻ,INC,UDF,483,2025
Wayanad,Grama Panchayat,G12010,Ambalavayal,10,PAMBALA,ജിന്‍സി,INC,UDF,517,2025
Wayanad,Grama Panchayat,G12010,Ambalavayal,11,ONNEYAR,അശോക് .വി.കെ,BJP,NDA,438,2025
Wayanad,Grama Panchayat,G12010,Ambalavayal,12,KOTOOR,ശ്രീകല,CPI(M),LDF,494,2025
Wayanad,Grama Panchayat,G12010,Ambalavayal,13,KAMBALAKOLLY,ബീന. എ .എച്ച്,IUML,UDF,368,2025
Wayanad,Grama Panchayat,G12010,Ambalavayal,14,THOMATTUCHAL,കമല മോഹനൻ,CPI(M),LDF,527,2025
Wayanad,Grama Panchayat,G12010,Ambalavayal,15,CHEENAPPULLU,എൻ.സി.കൃഷ്ണകുമാർ,INC,UDF,373,2025
Wayanad,Grama Panchayat,G12010,Ambalavayal,16,PERUMBADIKUNNU,പി.എം.സുരേന്ദ്രൻ,CPI(M),LDF,641,2025
Wayanad,Grama Panchayat,G12010,Ambalavayal,17,PUTTAD,ജിന്‍സി.എം,INC,UDF,484,2025
Wayanad,Grama Panchayat,G12010,Ambalavayal,18,NELLARACHAL,ആമിന,INC,UDF,454,2025
Wayanad,Grama Panchayat,G12010,Ambalavayal,19,CHEENGAVALLAM,കെ.കെ.ബാബു,INC,UDF,490,2025
Wayanad,Grama Panchayat,G12010,Ambalavayal,20,MANJAPPARA,ജോസ്,INC,UDF,555,2025
Wayanad,Grama Panchayat,G12010,Ambalavayal,21,KALATHUVAYAL,എ.ആർ.മോഹനൻ,INC,UDF,527,2025
Wayanad,Grama Panchayat,G12010,Ambalavayal,22,POTHUKETTY,സിജി എല്‍ദോസ്,INC,UDF,548,2025
Wayanad,Grama Panchayat,G12005,Edavaka,1,ORAPPU,വത്സ ജോസ്,INC,UDF,499,2025
Wayanad,Grama Panchayat,G12005,Edavaka,2,ELLUMANNAM,ഗോള്‍ഡ  ഷിനോജ്,CPI(M),LDF,449,2025
Wayanad,Grama Panchayat,G12005,Edavaka,3,VEETTICHAL,ജംസീറ ശിഹാബ്,IUML,UDF,669,2025
Wayanad,Grama Panchayat,G12005,Edavaka,4,OZHAKODI,ഗിരിജ സുധാകരൻ,INC,UDF,509,2025
Wayanad,Grama Panchayat,G12005,Edavaka,5,PANDIKADAVU,മുസ്തഫ തയ്യുള്ളതിൽ,IUML,UDF,574,2025
Wayanad,Grama Panchayat,G12005,Edavaka,6,CHAMADIPOYIL,അസ്മില ആയങ്കി,IUML,UDF,474,2025
Wayanad,Grama Panchayat,G12005,Edavaka,7,PAINGATTIRI,ലത്തീഫ് നടുക്കണ്ടി,IUML,UDF,558,2025
Wayanad,Grama Panchayat,G12005,Edavaka,8,PAYODE,വിനോദ് തോട്ടത്തിൽ,INC,UDF,550,2025
Wayanad,Grama Panchayat,G12005,Edavaka,9,THONICHAL,അംബുജാക്ഷി,CPI(M),LDF,354,2025
Wayanad,Grama Panchayat,G12005,Edavaka,10,CHERUVAYAL,ചെറുവയൽ രമേശൻ,CPI(M),LDF,561,2025
Wayanad,Grama Panchayat,G12005,Edavaka,11,KAMMANA,ദീപാ ദേവി,CPI(M),LDF,502,2025
Wayanad,Grama Panchayat,G12005,Edavaka,12,PULIKKAD,ജെസി വർഗീസ്,INC,UDF,564,2025
Wayanad,Grama Panchayat,G12005,Edavaka,13,DWARAKA,സെറീന ടീച്ചർ,IUML,UDF,501,2025
Wayanad,Grama Panchayat,G12005,Edavaka,14,PEECHANKODE,സുബൈദ തോക്കൻ,IUML,UDF,695,2025
Wayanad,Grama Panchayat,G12005,Edavaka,15,KUNNAMANGALAM,കോക്കണ്ടത്തിൽ  ഷിൽസൺ മാത്യു,INC,UDF,637,2025
Wayanad,Grama Panchayat,G12005,Edavaka,16,PUTHIYIDAMKUNNU,മുരളീധരൻ,CPI(M),LDF,433,2025
Wayanad,Grama Panchayat,G12005,Edavaka,17,PALAMUKKU,എം പി വത്സൻ,CPI(M),LDF,454,2025
Wayanad,Grama Panchayat,G12005,Edavaka,18,PALLIKKAL,ഹർഷിത ബാരിക്കൽ,IUML,UDF,574,2025
Wayanad,Grama Panchayat,G12005,Edavaka,19,KALLODI,ലീല ബാലൻ,INC,UDF,470,2025
Wayanad,Grama Panchayat,G12005,Edavaka,20,AYILAMOOLA,ജോര്‍ജ്ജ് പടകൂട്ടിൽ,INC,UDF,613,2025
Wayanad,Grama Panchayat,G12005,Edavaka,21,VALERI,ജയപ്രകാശ് എം കെ,INC,UDF,435,2025
Wayanad,Grama Panchayat,G12022,Kaniyambetta,1,NELLIYAMBAM,സുചിത്ര എം.കെ,IUML,UDF,520,2025
Wayanad,Grama Panchayat,G12022,Kaniyambetta,2,KAVADAM,ജമീല ഹുസൈൻ,IND,OTH,441,2025
Wayanad,Grama Panchayat,G12022,Kaniyambetta,3,NADAVAYAL,വിജയൻ എം പാടിക്കുന്ന്,INC,UDF,339,2025
Wayanad,Grama Panchayat,G12022,Kaniyambetta,4,KOLLIVAYAL,സി. സുരേഷ്ബാബു,INC,UDF,632,2025
Wayanad,Grama Panchayat,G12022,Kaniyambetta,5,CHEENGADI,ഓമന കാനഞ്ചേരി,INC,UDF,372,2025
Wayanad,Grama Panchayat,G12022,Kaniyambetta,6,CHITHRAMOOLA,മറിയം നസീമ,IUML,UDF,451,2025
Wayanad,Grama Panchayat,G12022,Kaniyambetta,7,VARADOOR,എ. എൻ. സുരേഷ്,CPI(M),LDF,529,2025
Wayanad,Grama Panchayat,G12022,Kaniyambetta,8,PADARIKKUNNU,നയന മോൾ ബിജു,INC,UDF,517,2025
Wayanad,Grama Panchayat,G12022,Kaniyambetta,9,ARIMULA,രോഷ്മ രമേഷ്,INC,UDF,492,2025
Wayanad,Grama Panchayat,G12022,Kaniyambetta,10,KARANI,ഷീബ തുളസീധരൻ,CPI(M),LDF,549,2025
Wayanad,Grama Panchayat,G12022,Kaniyambetta,11,PARALIKKUNNU,ഷാജഹാൻ ഇരുമ്പുംതറ,IUML,UDF,469,2025
Wayanad,Grama Panchayat,G12022,Kaniyambetta,12,KAMBLAKKAD,ആസ്യ അസീസ്,IUML,UDF,743,2025
Wayanad,Grama Panchayat,G12022,Kaniyambetta,13,ARIVARAM,മുഹമ്മദ് ഇക്‌ബാൽ (കെ. എം ഫൈസൽ),IUML,UDF,502,2025
Wayanad,Grama Panchayat,G12022,Kaniyambetta,14,KOZHINJANGADU,യൂസഫ്,IUML,UDF,658,2025
Wayanad,Grama Panchayat,G12022,Kaniyambetta,15,PALLIMUKKU,നബീസ ജാഫർ (കുഞ്ഞി),IUML,UDF,645,2025
Wayanad,Grama Panchayat,G12022,Kaniyambetta,16,MULAPARAMBATH,മൊയ്തുട്ടി കാവുങ്ങൽ,IUML,UDF,536,2025
Wayanad,Grama Panchayat,G12022,Kaniyambetta,17,CHUNDAKKARA,സി. ജെ. ടോമി,INC,UDF,491,2025
Wayanad,Grama Panchayat,G12022,Kaniyambetta,18,KANIYAMBETTA,സജ്‌ന   ടീച്ചർ,IUML,UDF,812,2025
Wayanad,Grama Panchayat,G12022,Kaniyambetta,19,PACHILAKKADU,അബ്ബാസ് പുന്നോളി,IUML,UDF,803,2025
Wayanad,Grama Panchayat,G12022,Kaniyambetta,20,MILLUMUKKU,ടി. മണി കൂടോത്തുമ്മൽ,IUML,UDF,527,2025
Wayanad,Grama Panchayat,G12022,Kaniyambetta,21,CHEEKKALLOOR,പ്രീജ സുരേഷ്,BJP,NDA,332,2025
Wayanad,Grama Panchayat,G12018,Kottathara,1,VENNIYODE,ബിന്ദു ടീച്ചർ,CPI(M),LDF,394,2025
Wayanad,Grama Panchayat,G12018,Kottathara,2,MAILADY,അജീഷ്. ഇ സി,IND,OTH,428,2025
Wayanad,Grama Panchayat,G12018,Kottathara,3,CHEERAKATH,ജോണ്‍സി സജി,CPI(M),LDF,440,2025
Wayanad,Grama Panchayat,G12018,Kottathara,4,VANDIYAMBETTA,സജീഷ്​​ കുമാർ. സി എൻ,BJP,NDA,346,2025
Wayanad,Grama Panchayat,G12018,Kottathara,5,ANERI,സനിലേഷ്,IND,OTH,382,2025
Wayanad,Grama Panchayat,G12018,Kottathara,6,KARIMKUTTY,രനീഷ്. പി പി,INC,UDF,359,2025
Wayanad,Grama Panchayat,G12018,Kottathara,7,KOTTATHARA,രജിത. സി സി,INC,UDF,378,2025
Wayanad,Grama Panchayat,G12018,Kottathara,8,JUBILEE,ഇ ആർ പുഷ്പ,IUML,UDF,615,2025
Wayanad,Grama Panchayat,G12018,Kottathara,9,KUNNATHAIKKUNNU,എലിസബത്ത് (മഞ്ജു),CPI(M),LDF,388,2025
Wayanad,Grama Panchayat,G12018,Kottathara,10,SCHOOLKUNNU,റംല അസീസ്,IUML,UDF,505,2025
Wayanad,Grama Panchayat,G12018,Kottathara,11,MADAKKUNNU,ലീലാമ്മ,CPI(M),LDF,432,2025
Wayanad,Grama Panchayat,G12018,Kottathara,12,VALAL,ജസ്റ്റിന്‍ സിറിയക്ക്,INC,UDF,450,2025
Wayanad,Grama Panchayat,G12018,Kottathara,13,KUZHIVAYAL,വി ആർ. ബാലൻ,IND,OTH,363,2025
Wayanad,Grama Panchayat,G12018,Kottathara,14,MECHANA,പി കെ. ജോൺ,INC,UDF,541,2025
Wayanad,Grama Panchayat,G12011,Meenangadi,1,CHOOTHUPARA,പി കെ സജീവ്,CPI(M),LDF,590,2025
Wayanad,Grama Panchayat,G12011,Meenangadi,2,APPAD,സുരേഷ്,CPI(M),LDF,520,2025
Wayanad,Grama Panchayat,G12011,Meenangadi,3,MYLAMBADI,ബിനു കെ ടി,CPI(M),LDF,633,2025
Wayanad,Grama Panchayat,G12011,Meenangadi,4,CC,ജിഷു സി സി,CPI(M),LDF,675,2025
Wayanad,Grama Panchayat,G12011,Meenangadi,5,AAVAYAL,സുമ,CPI(M),LDF,655,2025
Wayanad,Grama Panchayat,G12011,Meenangadi,6,KOLAGAPPARA,പൈതൽ,CPI(M),LDF,355,2025
Wayanad,Grama Panchayat,G12011,Meenangadi,7,RATTAKUNDU,ശ്രീജ സുരേഷ്,CPI(M),LDF,510,2025
Wayanad,Grama Panchayat,G12011,Meenangadi,8,KRISHNAGIRI,എ  എൻ തങ്കച്ചൻ,CPI(M),LDF,543,2025
Wayanad,Grama Panchayat,G12011,Meenangadi,9,THAZHATHUVAYAL,നിര്‍മ്മല,CPI(M),LDF,354,2025
Wayanad,Grama Panchayat,G12011,Meenangadi,10,CHEERAMKUNNU,സാലി പൗലോസ്,INC,UDF,579,2025
Wayanad,Grama Panchayat,G12011,Meenangadi,11,VATTATHUVAYAL,മഹേഷ് കെ വി,CPI(M),LDF,485,2025
Wayanad,Grama Panchayat,G12011,Meenangadi,12,KAKKAVAYAL,ഷമീർ,IUML,UDF,587,2025
Wayanad,Grama Panchayat,G12011,Meenangadi,13,KOLEMPATTA,ഫാരിസ്,CPI,UDF,417,2025
Wayanad,Grama Panchayat,G12011,Meenangadi,14,MEENANGADI,ഫൈസൽ പി കെ,IND,OTH,392,2025
Wayanad,Grama Panchayat,G12011,Meenangadi,15,STADIUM NAGAR,നുസ്റത്ത് കെ പി,IND,OTH,417,2025
Wayanad,Grama Panchayat,G12011,Meenangadi,16,VENGOOR,മിനി സാജു,INC,UDF,540,2025
Wayanad,Grama Panchayat,G12011,Meenangadi,17,PANNIMUNDA,ലിജി സാബു,CPI(M),LDF,635,2025
Wayanad,Grama Panchayat,G12011,Meenangadi,18,KAPPIKUNNU,സാലി വർഗീസ്,CPI(M),LDF,600,2025
Wayanad,Grama Panchayat,G12011,Meenangadi,19,PURAKKADI,അനില രാജു,INC,UDF,459,2025
Wayanad,Grama Panchayat,G12011,Meenangadi,20,PALAKKAMOOLA,ശ്യാമള സുന്ദരൻ,INC,UDF,531,2025
Wayanad,Grama Panchayat,G12011,Meenangadi,21,MANIVAYAL,ശാന്തി സുനിൽ,INC,UDF,611,2025
Wayanad,Grama Panchayat,G12016,Meppadi,1,VELLITHODU,ഔസേഫ് തോമസ്  ( സാലി ),INC,UDF,451,2025
Wayanad,Grama Panchayat,G12016,Meppadi,2,THRIKKAIPPATTA,വിൽസൺ ഒ.  വി,CPI(M),LDF,410,2025
Wayanad,Grama Panchayat,G12016,Meppadi,3,EZHAMCHIRA,അനീഷ് കെ  ജോസഫ്,CPI(M),LDF,503,2025
Wayanad,Grama Panchayat,G12016,Meppadi,4,NEDUMBALA,രുഗ്മിണി  കെ സി,INC,UDF,550,2025
Wayanad,Grama Panchayat,G12016,Meppadi,5,POOTHAKKOLLY,ഉഷ രവി,IUML,UDF,556,2025
Wayanad,Grama Panchayat,G12016,Meppadi,6,MEPPADI TOWN,കെ.  ബാബു,IUML,UDF,380,2025
Wayanad,Grama Panchayat,G12016,Meppadi,7,PANCHAYATH OFFICE,സൈനബ  പി സി,CPI(M),LDF,623,2025
Wayanad,Grama Panchayat,G12016,Meppadi,8,NELLIMUNDA,മുഹമ്മദ് യൂനസ്,INC,UDF,433,2025
Wayanad,Grama Panchayat,G12016,Meppadi,9,PUTHUMALA,സി. സീനത്ത്,CPI(M),LDF,278,2025
Wayanad,Grama Panchayat,G12016,Meppadi,10,ATTAMALA,ഷൈജ ബേബി,CPI,LDF,333,2025
Wayanad,Grama Panchayat,G12016,Meppadi,11,MUNDAKKAI - CHOORALMALA,കെ.കെ. സഹദ്,CPI(M),LDF,761,2025
Wayanad,Grama Panchayat,G12016,Meppadi,12,CHULIKKA,ജിതിൻ,CPI,LDF,473,2025
Wayanad,Grama Panchayat,G12016,Meppadi,13,KADOOR,സുനീറ മുഹമ്മദ് റാഫി,IUML,UDF,554,2025
Wayanad,Grama Panchayat,G12016,Meppadi,14,KUNNAMANGALAM VAYAL,ഓമന രമേശ്,IUML,UDF,707,2025
Wayanad,Grama Panchayat,G12016,Meppadi,15,CHEMBRA,സുരേഷ്,CPI(M),LDF,479,2025
Wayanad,Grama Panchayat,G12016,Meppadi,16,ANAPPARA,സതീഷ്,IND,OTH,413,2025
Wayanad,Grama Panchayat,G12016,Meppadi,17,ODATHODU,എം. റാഫി,IUML,UDF,664,2025
Wayanad,Grama Panchayat,G12016,Meppadi,18,KUNNAMBETTA,ഷൈജ,INC,UDF,524,2025
Wayanad,Grama Panchayat,G12016,Meppadi,19,COTTANAD,ജോൺ  മാത,INC,UDF,597,2025
Wayanad,Grama Panchayat,G12016,Meppadi,20,KAPPAMKOLLY,റഫീന,IUML,UDF,530,2025
Wayanad,Grama Panchayat,G12016,Meppadi,21,CHEMBOTHARA,റംല ഹംസ,IUML,UDF,645,2025
Wayanad,Grama Panchayat,G12016,Meppadi,22,MANIVAYAL,രാധ രാമസ്വാമി,INC,UDF,505,2025
Wayanad,Grama Panchayat,G12016,Meppadi,23,KOTTAVAYAL,പി. സഹിഷ്‌ണ,CPI(M),LDF,355,2025
Wayanad,Grama Panchayat,G12025,Mullankolly,1,PERIKKALLOOR KADAVU,സുജാത രാജു,INC,UDF,361,2025
Wayanad,Grama Panchayat,G12025,Mullankolly,2,PERIKKALLOOR TOWN,ജിഷ സെബാസ്റ്റ്യൻ,IND,OTH,388,2025
Wayanad,Grama Panchayat,G12025,Mullankolly,3,CHELOOR,സണ്ണി ജോസഫ് വെട്ടുകാട്ടിൽ,CPI(M),LDF,419,2025
Wayanad,Grama Panchayat,G12025,Mullankolly,4,MARAKKADAVU,രാജൻ,INC,UDF,329,2025
Wayanad,Grama Panchayat,G12025,Mullankolly,5,KABANIGIRI,പി.എ. പ്രകാശൻ,INC,UDF,383,2025
Wayanad,Grama Panchayat,G12025,Mullankolly,6,PADICHIRA,ഷൈനി സണ്ണി പൊയ്യാനിയിൽ,INC,UDF,435,2025
Wayanad,Grama Panchayat,G12025,Mullankolly,7,PARAKKAVALA,മിനി ജെയിംസ് മാപ്പനാത്ത്,INC,UDF,445,2025
Wayanad,Grama Panchayat,G12025,Mullankolly,8,SEETHAMOUNT,ലിംന ഷിനോയി തെക്കുംപുറത്ത്,INC,UDF,468,2025
Wayanad,Grama Panchayat,G12025,Mullankolly,9,CHANNOTHUKOLLY,ഷിനു കച്ചിറയിൽ,INC,UDF,454,2025
Wayanad,Grama Panchayat,G12025,Mullankolly,10,SASIMALA,അനീഷ ബെന്നി കുന്നപ്പിള്ളിൽ,INC,UDF,456,2025
Wayanad,Grama Panchayat,G12025,Mullankolly,11,PARAKKADAVU,റിൻസി വർഗീസ്,BJP,NDA,344,2025
Wayanad,Grama Panchayat,G12025,Mullankolly,12,KAPPISET,മോഹനൻ കെ എസ് മരവയൽ,CPI(M),LDF,371,2025
Wayanad,Grama Panchayat,G12025,Mullankolly,13,ALATHOOR,സുമ മാധവൻ,INC,UDF,423,2025
Wayanad,Grama Panchayat,G12025,Mullankolly,14,SURABHIKKAVALA,ലിസി സാബു മങ്ങാട്ടുകുന്നേൽ,INC,UDF,482,2025
Wayanad,Grama Panchayat,G12025,Mullankolly,15,VADANAKKAVALA,സജി ജോര്‍ജ്ജ് കൊച്ചുകുടിയിൽ,INC,UDF,530,2025
Wayanad,Grama Panchayat,G12025,Mullankolly,16,MULLANKOLLY,സിനി ആന്‍റണി,AAP,OTH,465,2025
Wayanad,Grama Panchayat,G12025,Mullankolly,17,MADAL,ജോസ് കണ്ടംതുരുത്തി,IND,OTH,502,2025
Wayanad,Grama Panchayat,G12025,Mullankolly,18,PATTANIKKOOP,ലിബിന്‍ ദീലീപ്,IUML,UDF,598,2025
Wayanad,Grama Panchayat,G12025,Mullankolly,19,PATHIRI,മുനീർ ആച്ചിക്കുളത്ത്,INC,UDF,479,2025
Wayanad,Grama Panchayat,G12017,Muppainadu,1,LUCKY HILL,നാരായണസ്വമി,INC,UDF,520,2025
Wayanad,Grama Panchayat,G12017,Muppainadu,2,JAIHIND,വി.കേശവൻ,CPI(M),LDF,317,2025
Wayanad,Grama Panchayat,G12017,Muppainadu,3,MELE ARAPPETTA,സംഗീത രാമകൃഷ്ണൻ,CPI(M),LDF,508,2025
Wayanad,Grama Panchayat,G12017,Muppainadu,4,NALLANNUR,സുരേഷ്ബാബു,CPI(M),LDF,491,2025
Wayanad,Grama Panchayat,G12017,Muppainadu,5,NEDUMKARANA,സുധ.സി.വി.,IUML,UDF,660,2025
Wayanad,Grama Panchayat,G12017,Muppainadu,6,APPALAM,ഷമീറലി. എൻ,IUML,UDF,473,2025
Wayanad,Grama Panchayat,G12017,Muppainadu,7,VADUVANCHAL,ആർ.യമുന,INC,UDF,343,2025
Wayanad,Grama Panchayat,G12017,Muppainadu,8,KALLIKKENI,ബാലൻ,CPI(M),LDF,375,2025
Wayanad,Grama Panchayat,G12017,Muppainadu,9,CHELLAMKODE,ഗ്രേസി,CPI(M),LDF,415,2025
Wayanad,Grama Panchayat,G12017,Muppainadu,10,CHITHRAGIRI,ജോളി സ്കറിയ,CPI(M),LDF,380,2025
Wayanad,Grama Panchayat,G12017,Muppainadu,11,SUNRISE VALLEY,മൈമൂന,CPI(M),LDF,414,2025
Wayanad,Grama Panchayat,G12017,Muppainadu,12,PUTHUKKAD,ഷൈബാൻ സലാം,IUML,UDF,394,2025
Wayanad,Grama Panchayat,G12017,Muppainadu,13,VALATHOOR,സി.ടി. ഷിഹാബ്,IUML,UDF,582,2025
Wayanad,Grama Panchayat,G12017,Muppainadu,14,RIPPON,സാജിത.കെ.കെ,IUML,UDF,500,2025
Wayanad,Grama Panchayat,G12017,Muppainadu,15,THINAPURAM,ഷഫീഖ് അടാട്ടിൽ,CPI(M),LDF,394,2025
Wayanad,Grama Panchayat,G12017,Muppainadu,16,MANKUNNU,റഹിയാനത്ത്,CPI(M),LDF,624,2025
Wayanad,Grama Panchayat,G12017,Muppainadu,17,THAZHE ARAPPETTA,ജാസ്മിൻ.പി,IUML,UDF,638,2025
Wayanad,Grama Panchayat,G12019,Muttil,1,MADAKKIMALA,ഓമന ടീച്ചർ,CPI(M),LDF,573,2025
Wayanad,Grama Panchayat,G12019,Muttil,2,PARALIKUNNU,സുഹൈൽ,IND,OTH,399,2025
Wayanad,Grama Panchayat,G12019,Muttil,3,KUMBALAD,ഗീത,INC,UDF,519,2025
Wayanad,Grama Panchayat,G12019,Muttil,4,PARIYARAM,ആയിഷാബി,IUML,UDF,621,2025
Wayanad,Grama Panchayat,G12019,Muttil,5,KOLAVAYAL,സാജിത,CPI(M),LDF,490,2025
Wayanad,Grama Panchayat,G12019,Muttil,6,KARIAMBADY,നിഷീദ്  ചാഴിവയൽ,INC,UDF,676,2025
Wayanad,Grama Panchayat,G12019,Muttil,7,OLAVATHOOR,നാസർ നരിക്കോടൻ,CPI(M),LDF,361,2025
Wayanad,Grama Panchayat,G12019,Muttil,8,VARIYAD,പ്രജിത,IUML,UDF,475,2025
Wayanad,Grama Panchayat,G12019,Muttil,9,MALAKKAD,കുര്യാക്കോസ്,CPI(M),LDF,569,2025
Wayanad,Grama Panchayat,G12019,Muttil,10,THENERI,ഗിരിജ ബാബു,CPI(M),LDF,479,2025
Wayanad,Grama Panchayat,G12019,Muttil,11,KUPPADI,ബിനു പോക്കാട്ട്,INC,UDF,409,2025
Wayanad,Grama Panchayat,G12019,Muttil,12,PAKKOM,സീന ബാബു,CPI(M),LDF,481,2025
Wayanad,Grama Panchayat,G12019,Muttil,13,VAZHAVATTA,മുഹമ്മദ് ഷജീദ്,CPI(M),LDF,763,2025
Wayanad,Grama Panchayat,G12019,Muttil,14,KARINKANNIKUNNU,ബീന,CPI,LDF,451,2025
Wayanad,Grama Panchayat,G12019,Muttil,15,MANDAD,സഫിയ,IUML,UDF,541,2025
Wayanad,Grama Panchayat,G12019,Muttil,16,PALAMANGALAM,എൻ.ബി.ഫൈസൽ,IUML,UDF,571,2025
Wayanad,Grama Panchayat,G12019,Muttil,17,KUTTAMANGALAM,പി.ആർ.സതീഷ്,IUML,UDF,507,2025
Wayanad,Grama Panchayat,G12019,Muttil,18,MUTTIL,രഞ്ജിത്ത്. സി.പി,CPI(M),LDF,548,2025
Wayanad,Grama Panchayat,G12019,Muttil,19,CHERUMOOLAVAYAL,നബീസമോൾ,IUML,UDF,618,2025
Wayanad,Grama Panchayat,G12019,Muttil,20,AMBUKUTHI,ലീന.സി.നായർ,CPI(M),LDF,572,2025
Wayanad,Grama Panchayat,G12019,Muttil,21,EDAPPETTY,ജോഷി,INC,UDF,545,2025
Wayanad,Grama Panchayat,G12019,Muttil,22,PARAKKAL,ഷെമീന ഷാജി,CPI(M),LDF,523,2025
Wayanad,Grama Panchayat,G12009,Nenmeni,1,AMBUKUTHI,വസന്ത റ്റി എ,INC,UDF,442,2025
Wayanad,Grama Panchayat,G12009,Nenmeni,2,MALAVAYAL,ദീപ ബാബു,INC,UDF,605,2025
Wayanad,Grama Panchayat,G12009,Nenmeni,3,KUNTHANI,ജയ മുരളി,INC,UDF,834,2025
Wayanad,Grama Panchayat,G12009,Nenmeni,4,MALANKARA,മിനി പ്രഭാകരൻ,CPI(M),LDF,627,2025
Wayanad,Grama Panchayat,G12009,Nenmeni,5,PUTHANKUNNU,ഷീല പുഞ്ചവയൽ,INC,UDF,578,2025
Wayanad,Grama Panchayat,G12009,Nenmeni,6,KOLIYADY,എബി ജോസഫ്,CPI(M),LDF,821,2025
Wayanad,Grama Panchayat,G12009,Nenmeni,7,CHERUMADU,ബിന്ദു മണികണ്ഠൻ,CPI(M),LDF,484,2025
Wayanad,Grama Panchayat,G12009,Nenmeni,8,PAZHOOR,എ  കെ  ഗംഗാധരൻ  ആത്താർ,INC,UDF,665,2025
Wayanad,Grama Panchayat,G12009,Nenmeni,9,MUNDAKOLLY,എം എസ്  ഫെബിൻ,CPI(M),LDF,838,2025
Wayanad,Grama Panchayat,G12009,Nenmeni,10,EAST CHEERAL,മിനി തോമസ്,IND,OTH,400,2025
Wayanad,Grama Panchayat,G12009,Nenmeni,11,NAMBAIRKUNNU,പ്രശാന്ത്   റ്റി  യു,BJP,NDA,526,2025
Wayanad,Grama Panchayat,G12009,Nenmeni,12,CHEERAL,രമണി പി എസ്,CPI(M),LDF,588,2025
Wayanad,Grama Panchayat,G12009,Nenmeni,13,KALLINKARA,പ്രീതി സുരേന്ദ്രൻ,CPI(M),LDF,550,2025
Wayanad,Grama Panchayat,G12009,Nenmeni,14,THAZHATHOOR,കെ വി  ശശി,INC,UDF,646,2025
Wayanad,Grama Panchayat,G12009,Nenmeni,15,MANGALAM,ഹനീഫ ചുള്ളിയോട്,IUML,UDF,634,2025
Wayanad,Grama Panchayat,G12009,Nenmeni,16,MADAKKARA,ഖാദർ മാടക്കര,IUML,UDF,544,2025
Wayanad,Grama Panchayat,G12009,Nenmeni,17,PALAKKUNI,രാജേഷ് നമ്പിച്ചാംകുടി,INC,UDF,453,2025
Wayanad,Grama Panchayat,G12009,Nenmeni,18,CHULLIYODE,ഷൈനി എം  എ,CPI(M),LDF,4,2025
Wayanad,Grama Panchayat,G12009,Nenmeni,19,THALOOR,സംഗീത ശ്രീധരൻ,CPI(M),LDF,592,2025
Wayanad,Grama Panchayat,G12009,Nenmeni,20,KARADIPPARA,സുജാത ഹരിദാസൻ,IUML,UDF,734,2025
Wayanad,Grama Panchayat,G12009,Nenmeni,21,THOVARIMALA,രവി പാടിപറമ്പ്,CPI(M),LDF,540,2025
Wayanad,Grama Panchayat,G12009,Nenmeni,22,MALIKA,ഗ്രേസി ടീച്ചർ,CPI(M),LDF,549,2025
Wayanad,Grama Panchayat,G12009,Nenmeni,23,EDACKAL,ഷീന ഷാജി,INC,UDF,501,2025
Wayanad,Grama Panchayat,G12009,Nenmeni,24,KUPPAKOLLY,യു കെ പ്രേമൻ,INC,UDF,549,2025
Wayanad,Grama Panchayat,G12008,Noolpuzha,1,VADAKKANAD,അനില്‍കുമാർ,INC,UDF,500,2025
Wayanad,Grama Panchayat,G12008,Noolpuzha,2,KARIPOOR,അശ്വതി സതീഷ്,CPI(M),LDF,615,2025
Wayanad,Grama Panchayat,G12008,Noolpuzha,3,VALLUVADI,സാലി കുര്യാക്കോസ്,CPI(M),LDF,537,2025
Wayanad,Grama Panchayat,G12008,Noolpuzha,4,KOTTANODE,സുമ  പ്രമോദ്,CPI(M),LDF,438,2025
Wayanad,Grama Panchayat,G12008,Noolpuzha,5,PILAKKAVU,അനീഷ് പിലാക്കാവ്,INC,UDF,389,2025
Wayanad,Grama Panchayat,G12008,Noolpuzha,6,KALLOOR,എൻ എ ഉസ്മാ൯,IUML,UDF,530,2025
Wayanad,Grama Panchayat,G12008,Noolpuzha,7,PANAPPADI,ബീന,CPI(M),LDF,318,2025
Wayanad,Grama Panchayat,G12008,Noolpuzha,8,KALLUMUKKU,രഘുനാഥൻ,CPI(M),LDF,340,2025
Wayanad,Grama Panchayat,G12008,Noolpuzha,9,PONKUZHY,ജയ എം  കെ,INC,UDF,380,2025
Wayanad,Grama Panchayat,G12008,Noolpuzha,10,MUTHANGA,ബെന്നി കൈനിക്കൽ,INC,UDF,403,2025
Wayanad,Grama Panchayat,G12008,Noolpuzha,11,NENMENIKUNNU,പ്രേമ,CPI(M),LDF,498,2025
Wayanad,Grama Panchayat,G12008,Noolpuzha,12,NOOLPUZHA,സിന്ധു കെ എം,CPI(M),LDF,306,2025
Wayanad,Grama Panchayat,G12008,Noolpuzha,13,NAMBIKOLLY,തീണൂർ വിജയൻ,BJP,NDA,417,2025
Wayanad,Grama Panchayat,G12008,Noolpuzha,14,MATHAMANGALAM,പുഷ്പ  അനൂപ്,INC,UDF,391,2025
Wayanad,Grama Panchayat,G12008,Noolpuzha,15,THIRUVANNOOR,രതീഷ്,BJP,NDA,468,2025
Wayanad,Grama Panchayat,G12008,Noolpuzha,16,CHUNDAKKARA,നസീറ ഇസ്‌മായിൽ,IUML,UDF,430,2025
Wayanad,Grama Panchayat,G12008,Noolpuzha,17,NAIKETTY,ഷക്കീല റൗഫ്,IUML,UDF,622,2025
Wayanad,Grama Panchayat,G12008,Noolpuzha,18,CHITHRALAKKARA,ലളിത തേലമ്പറ്റ,IUML,UDF,615,2025
Wayanad,Grama Panchayat,G12008,Noolpuzha,19,MOOLANKAVE,അനിൽ എം സി,INC,UDF,413,2025
Wayanad,Grama Panchayat,G12020,Padinjarathara,1,BAPPANAM,അഹമ്മദ് ( പി സി മമ്മൂട്ടി ),IUML,UDF,786,2025
Wayanad,Grama Panchayat,G12020,Padinjarathara,2,THENGUMUNDA,സുഹറ,IUML,UDF,507,2025
Wayanad,Grama Panchayat,G12020,Padinjarathara,3,CHEMBAKAMOOLA,ഷിബു കരിപ്പാൽ,CPI(M),LDF,418,2025
Wayanad,Grama Panchayat,G12020,Padinjarathara,4,PUTHUSSERIKADAVU,അസ്‌മ കെ കെ,IUML,UDF,529,2025
Wayanad,Grama Panchayat,G12020,Padinjarathara,5,MUNDAKUTTY,നജ്മത്ത് പാറ,IUML,UDF,560,2025
Wayanad,Grama Panchayat,G12020,Padinjarathara,6,CHERIYAMKOLLY,ജോസഫ് പുല്ലുമാരിയിൽ,INC,UDF,585,2025
Wayanad,Grama Panchayat,G12020,Padinjarathara,7,KURUMANI,രമ്യ പ്രഷോദ്,IND,OTH,595,2025
Wayanad,Grama Panchayat,G12020,Padinjarathara,8,KUNNALAM,അമ്പിളി യു സി,INC,UDF,499,2025
Wayanad,Grama Panchayat,G12020,Padinjarathara,9,KURUMBALA,ശ്രീജിത്ത്,INC,UDF,553,2025
Wayanad,Grama Panchayat,G12020,Padinjarathara,10,MANTHOTTAM,ശാന്ത ബാബു,CPI(M),LDF,426,2025
Wayanad,Grama Panchayat,G12020,Padinjarathara,11,ARAMBATTAKUNNU,ശിൽപ ആൻ്റണി,INC,UDF,431,2025
Wayanad,Grama Panchayat,G12020,Padinjarathara,12,PADINJHARATHARA,എം പി നൗഷാദ്,IUML,UDF,495,2025
Wayanad,Grama Panchayat,G12020,Padinjarathara,13,PERAL,സൗമ്യ റിനീഷ്,IUML,UDF,686,2025
Wayanad,Grama Panchayat,G12020,Padinjarathara,14,MANJOORA,എം വി ജോണി,IND,OTH,441,2025
Wayanad,Grama Panchayat,G12020,Padinjarathara,15,KAPPUNDIKKAL,ഹാരിസ് കണ്ടിയൻ,IUML,UDF,414,2025
Wayanad,Grama Panchayat,G12020,Padinjarathara,16,MADATHUMPARA,സാജിത നൗഷാദ്,IUML,UDF,654,2025
Wayanad,Grama Panchayat,G12020,Padinjarathara,17,KAPPIKKALAM,ബീന,IND,OTH,412,2025
Wayanad,Grama Panchayat,G12020,Padinjarathara,18,PANTHIPOYIL,മുഹമ്മദ് പോള,IUML,UDF,495,2025
Wayanad,Grama Panchayat,G12021,Panamaram,1,KUNDALA,ജാഫർ,IUML,UDF,705,2025
Wayanad,Grama Panchayat,G12021,Panamaram,2,KOOLIVAYAL,പവിന്‍ പോൾ,CPI(M),LDF,433,2025
Wayanad,Grama Panchayat,G12021,Panamaram,3,KOYILERY,ബാലന്‍ സി എലിക്കോട്ട്,INC,UDF,637,2025
Wayanad,Grama Panchayat,G12021,Panamaram,4,CHERUKATTOOR,വസന്ത മണി,INC,UDF,610,2025
Wayanad,Grama Panchayat,G12021,Panamaram,5,KAITHAKKAL,സൌജത്ത് ഉസ്മാൻ,IUML,UDF,648,2025
Wayanad,Grama Panchayat,G12021,Panamaram,6,NEERVARAM,സെബാസ്റ്റ്യൻ പി ജി (സാബു),INC,UDF,823,2025
Wayanad,Grama Panchayat,G12021,Panamaram,7,AMMANI,ശ്രീജ സുധാകരൻ,CPI(M),LDF,594,2025
Wayanad,Grama Panchayat,G12021,Panamaram,8,NADAVAYAL,വി വി  രാജൻ,CPI(M),LDF,655,2025
Wayanad,Grama Panchayat,G12021,Panamaram,9,PARIYARAM,സുജാത കെ,CPI(M),LDF,410,2025
Wayanad,Grama Panchayat,G12021,Panamaram,10,PARAKKUNI,റാബിയത്ത് ഷഹ്ന,IUML,UDF,854,2025
Wayanad,Grama Panchayat,G12021,Panamaram,11,PANAMARAM EAST,ചിന്നു സുധീഷ്,IUML,UDF,658,2025
Wayanad,Grama Panchayat,G12021,Panamaram,12,KARIMAMKUNNU,ജൂല്‍ന ഉസ്മാൻ,IUML,UDF,588,2025
Wayanad,Grama Panchayat,G12021,Panamaram,13,PANAMARAM WEST,ഷാജഹാൻ (കോവ ഷാജി),IUML,UDF,565,2025
Wayanad,Grama Panchayat,G12021,Panamaram,14,CHUNDAKUNNU,എൻ  രാജു,CPI(M),LDF,462,2025
Wayanad,Grama Panchayat,G12021,Panamaram,15,ARINCHERMALA,അജിഷ എൻ എ,INC,UDF,430,2025
Wayanad,Grama Panchayat,G12021,Panamaram,16,PALLIKUNNU,ഷാന്റി ജോസ് പാലമറ്റത്തിൽ,INC,UDF,506,2025
Wayanad,Grama Panchayat,G12021,Panamaram,17,KAIPPATTUKUNNU,ജയലക്ഷ്മി,BJP,NDA,408,2025
Wayanad,Grama Panchayat,G12021,Panamaram,18,VILAMBUKANDAM,അഭിനന്ദ് എം എസ്,CPI(M),LDF,475,2025
Wayanad,Grama Panchayat,G12021,Panamaram,19,MALANKARA,ബാലക്യഷ്ണൻ എ ആർ,INC,UDF,525,2025
Wayanad,Grama Panchayat,G12021,Panamaram,20,PALUKUNNU,സുധ,CPI,LDF,463,2025
Wayanad,Grama Panchayat,G12021,Panamaram,21,EDATHUMKUNNU,ടി മോഹനൻ (മോഹനേട്ടൻ),CPI(M),LDF,478,2025
Wayanad,Grama Panchayat,G12021,Panamaram,22,ANCHUKUNNU,ജോസ് നിലമ്പനാട്ട്,INC,UDF,666,2025
Wayanad,Grama Panchayat,G12021,Panamaram,23,VELLARIVAYAL,ജമീല ഷറഫുദ്ദീൻ,IUML,UDF,552,2025
Wayanad,Grama Panchayat,G12021,Panamaram,24,KELLOOR,ലക്ഷ്മി ആലക്കമുറ്റം,IUML,UDF,1002,2025
Wayanad,Grama Panchayat,G12023,Poothady,1,NADAVAYAL,ബിജു ഇരട്ടമുണ്ടക്കൽ,INC,UDF,459,2025
Wayanad,Grama Panchayat,G12023,Poothady,2,KELAMANGALAM,എ.ഡി.പാര്‍ത്ഥൻ,CPI(M),LDF,526,2025
Wayanad,Grama Panchayat,G12023,Poothady,3,MANALVAYAL,സിജി പവിത്രൻ,BJP,NDA,462,2025
Wayanad,Grama Panchayat,G12023,Poothady,4,THUTHILERI,ഷിബുകുമാർ,IND,OTH,409,2025
Wayanad,Grama Panchayat,G12023,Poothady,5,KOTTAKKOLLY,വിജയൻ,INC,UDF,360,2025
Wayanad,Grama Panchayat,G12023,Poothady,6,CHEEYAMBAM,ഗീത വിജയൻ,INC,UDF,514,2025
Wayanad,Grama Panchayat,G12023,Poothady,7,CHUNDAKKOLLY,ഷിജി ഷിബു,CPI(M),LDF,359,2025
Wayanad,Grama Panchayat,G12023,Poothady,8,IRULAM,സുലൈഖബഷീർ,IUML,UDF,378,2025
Wayanad,Grama Panchayat,G12023,Poothady,9,MARIYANAD,സുമ രാജു,BJP,NDA,418,2025
Wayanad,Grama Panchayat,G12023,Poothady,10,PAPPLASSERY,സുമയ്യ ടീച്ചർ,IND,OTH,504,2025
Wayanad,Grama Panchayat,G12023,Poothady,11,MOODAKKOLLY,ശ്രീനേഷ് മൂടകൊല്ലി,BJP,NDA,545,2025
Wayanad,Grama Panchayat,G12023,Poothady,12,VAKERI,ഇ.കെ.ബാലകൃഷ്ണൻ,CPI(M),LDF,386,2025
Wayanad,Grama Panchayat,G12023,Poothady,13,GANDHI NAGAR,ബിനിത ഗംഗാധരൻ,INC,UDF,406,2025
Wayanad,Grama Panchayat,G12023,Poothady,14,VALAVAYAL,ഒ.കെ.ലാലു,IND,OTH,611,2025
Wayanad,Grama Panchayat,G12023,Poothady,15,KOLERI,കെ.വിനോദ്,CPI(M),LDF,376,2025
Wayanad,Grama Panchayat,G12023,Poothady,16,ATHIRATTUKUNNU,ബിന്ദു,CPI(M),LDF,627,2025
Wayanad,Grama Panchayat,G12023,Poothady,17,KENICHIRA,ഏ.വി.ജയൻ,CPI(M),LDF,465,2025
Wayanad,Grama Panchayat,G12023,Poothady,18,KENICHIRA WEST,ബിന്ദു ഷിബു,CPI(M),LDF,395,2025
Wayanad,Grama Panchayat,G12023,Poothady,19,THAZHAMUNDA,ശോഭനദേവി.പി.റ്റി,INC,UDF,504,2025
Wayanad,Grama Panchayat,G12023,Poothady,20,KOTTAVAYAL,നിഷിത സുരേന്ദ്രൻ,RJD,LDF,525,2025
Wayanad,Grama Panchayat,G12023,Poothady,21,POOTHADI,പ്രസാദ്,CPI(M),LDF,461,2025
Wayanad,Grama Panchayat,G12023,Poothady,22,CHEENGODE,സിബി സാബു,INC,UDF,453,2025
Wayanad,Grama Panchayat,G12023,Poothady,23,CHERUKUNNU,വിന്‍സെൻ്റ് ചേരവേലിൽ,INC,UDF,470,2025
Wayanad,Grama Panchayat,G12014,Pozhuthana,1,KURICHIYARMALA,ജുമൈലത്ത് ഷമീർ,CPI(M),LDF,294,2025
Wayanad,Grama Panchayat,G12014,Pozhuthana,2,EDIYAMVAYAL,രാജേന്ദ്രൻ,IUML,UDF,456,2025
Wayanad,Grama Panchayat,G12014,Pozhuthana,3,VALIYAPARA,ആരിഷ സലാം,IUML,UDF,667,2025
Wayanad,Grama Panchayat,G12014,Pozhuthana,4,ACHOOR,ടി ഉബൈദ്,IUML,UDF,625,2025
Wayanad,Grama Panchayat,G12014,Pozhuthana,5,VAYANAMKUNNU,രാജലക്ഷ്മി വി. എസ്.,CPI(M),LDF,405,2025
Wayanad,Grama Panchayat,G12014,Pozhuthana,6,KALARIVEED,ലൈല മുരിങ്ങോളി,IUML,UDF,390,2025
Wayanad,Grama Panchayat,G12014,Pozhuthana,7,MARAVAYAL,വസുമതി പ്രഭാകരൻ,NCPSCP,LDF,404,2025
Wayanad,Grama Panchayat,G12014,Pozhuthana,8,CHATHOTH,സുബൈദ പരീദ്,CPI,LDF,354,2025
Wayanad,Grama Panchayat,G12014,Pozhuthana,9,ATHIMOOLA,ടി. ഗിരിജ,CPI(M),LDF,331,2025
Wayanad,Grama Panchayat,G12014,Pozhuthana,10,ANOTH,കെ.ജെ. ജോൺ,INC,UDF,385,2025
Wayanad,Grama Panchayat,G12014,Pozhuthana,11,POZHUTHANA,എൻ.പി. സാവിറ,IUML,UDF,304,2025
Wayanad,Grama Panchayat,G12014,Pozhuthana,12,PERUMKODA,അബ്ദുൾ നാസ൪,IUML,UDF,477,2025
Wayanad,Grama Panchayat,G12014,Pozhuthana,13,PARAKKUNNU,കെ. ജെറീഷ്,CPI(M),LDF,284,2025
Wayanad,Grama Panchayat,G12014,Pozhuthana,14,KALLOOR,കെ.വി. രാമൻ,INC,UDF,356,2025
Wayanad,Grama Panchayat,G12014,Pozhuthana,15,SUGANDHAGIRI,സുധ അനിൽ,INC,UDF,360,2025
Wayanad,Grama Panchayat,G12024,Pulpally,1,CHEKADY,പ്രേംജി,CPI(M),LDF,706,2025
Wayanad,Grama Panchayat,G12024,Pulpally,2,VEETTIMOOLA,ദിന്‍ഷു,BJP,NDA,469,2025
Wayanad,Grama Panchayat,G12024,Pulpally,3,ANAPPARA,വിനോദ് കാഞ്ഞൂക്കാരൻ,INC,UDF,432,2025
Wayanad,Grama Panchayat,G12024,Pulpally,4,MEENAMKOLLY,കലാരാജ് ഉണ്ണികൃഷ്ണൻ,CPI(M),LDF,504,2025
Wayanad,Grama Panchayat,G12024,Pulpally,5,ATHIKUNI,ലസ്ന മുനീർ,IUML,UDF,536,2025
Wayanad,Grama Panchayat,G12024,Pulpally,6,THANITHERUVE,എം ടി.കരുണാകരൻ,INC,UDF,417,2025
Wayanad,Grama Panchayat,G12024,Pulpally,7,PALAMOOLA,ഗീത കുഞ്ഞികൃഷ്ണൻ,INC,UDF,378,2025
Wayanad,Grama Panchayat,G12024,Pulpally,8,ADIKOLLY,ഷിനി ജോര്‍ജ് മംഗലത്ത്,INC,UDF,526,2025
Wayanad,Grama Panchayat,G12024,Pulpally,9,ACHANALLY,നിഖിൽ കെ.കെ,BJP,NDA,427,2025
Wayanad,Grama Panchayat,G12024,Pulpally,10,KAPPISET,അഞ്‌ജു ബാബുരാജ്,CPI(M),LDF,429,2025
Wayanad,Grama Panchayat,G12024,Pulpally,11,ASRAMAKOLLY,സിജു പൌലോസ്,INC,UDF,493,2025
Wayanad,Grama Panchayat,G12024,Pulpally,12,KELAKAVALA,ഷൈജ മഗേഷ്,KC(B),LDF,498,2025
Wayanad,Grama Panchayat,G12024,Pulpally,13,KALANADIKOLLY,മിനി പി.ബി,CPI(M),LDF,455,2025
Wayanad,Grama Panchayat,G12024,Pulpally,14,KALLUVAYAL,സന്ദീപ്,CPI(M),LDF,347,2025
Wayanad,Grama Panchayat,G12024,Pulpally,15,ERIYAPPALLY,അരുൺ കെ കെ,BJP,NDA,690,2025
Wayanad,Grama Panchayat,G12024,Pulpally,16,KOLARATTUKUNNU,സുജിത്ര രാജേഷ്,BJP,NDA,483,2025
Wayanad,Grama Panchayat,G12024,Pulpally,17,MOOZHIMALA,ജോഷി ചാരുവേലിൽ,IND,OTH,531,2025
Wayanad,Grama Panchayat,G12024,Pulpally,18,MARAKAVU,സെലിൻ മാനുവൽ,INC,UDF,443,2025
Wayanad,Grama Panchayat,G12024,Pulpally,19,ALOORKUNNU,ഓമന ഗോവിന്ദൻ,INC,UDF,595,2025
Wayanad,Grama Panchayat,G12024,Pulpally,20,PAKKAM,ബാബു,CPI(M),LDF,368,2025
Wayanad,Grama Panchayat,G12024,Pulpally,21,KURUVA,ബിന്ദു പ്രകാശ്,CPI(M),LDF,347,2025
Wayanad,Grama Panchayat,G12015,Thariode,1,THARIODE,ഗിരിജ സത്യൻ,CPI(M),LDF,177,2025
Wayanad,Grama Panchayat,G12015,Thariode,2,KARLADU,ധനിഷ സുനിൽ,CPI(M),LDF,242,2025
Wayanad,Grama Panchayat,G12015,Thariode,3,CHEENGANNUR,വിജയൻ,INC,UDF,181,2025
Wayanad,Grama Panchayat,G12015,Thariode,4,MADATHUVAYAL,ഷിബു വി ജി,INC,UDF,282,2025
Wayanad,Grama Panchayat,G12015,Thariode,5,CHENNALODE,സാഹിറ അഷറഫ്,IND,OTH,291,2025
Wayanad,Grama Panchayat,G12015,Thariode,6,MYLADUMKUNNU,മുബഷിർ എ കെ,IUML,UDF,514,2025
Wayanad,Grama Panchayat,G12015,Thariode,7,KALLAMKARI,ജോസഫ് മാത്യു (ഷാജി വട്ടത്തറ),INC,UDF,323,2025
Wayanad,Grama Panchayat,G12015,Thariode,8,KOTTAKUNNU,ജെസ്സി തോമസ്,CPI(M),LDF,304,2025
Wayanad,Grama Panchayat,G12015,Thariode,9,KAVUMMANNAM,ബേബി മൂത്തേടത്ത്,INC,UDF,499,2025
Wayanad,Grama Panchayat,G12015,Thariode,10,KALIKUNI,ഷമീം പാറക്കണ്ടി,IND,OTH,265,2025
Wayanad,Grama Panchayat,G12015,Thariode,11,CHEKKANNIKUNNU,പുഷ്‌പ മനോജ്,INC,UDF,235,2025
Wayanad,Grama Panchayat,G12015,Thariode,12,THARIODE HS JUNCTION,ആമിന  റുക്‌സാന,INC,UDF,272,2025
Wayanad,Grama Panchayat,G12015,Thariode,13,PAMBUMKUNI,സുഭാഷിണി (ശുഭ),INC,UDF,163,2025
Wayanad,Grama Panchayat,G12015,Thariode,14,THARIODE PATHAM MILE,സൂസി ബാബു,INC,UDF,212,2025
Wayanad,Grama Panchayat,G12006,Thavinhal,1,THAZHE PERIYA,റാബിയ അബ്ബാസ്,IUML,UDF,637,2025
Wayanad,Grama Panchayat,G12006,Thavinhal,2,PERIYA,സുരേഷ്,CPI(M),LDF,530,2025
Wayanad,Grama Panchayat,G12006,Thavinhal,3,VALLITHODE,ബാബു ഷജില്‍ കുമാർ,CPI(M),LDF,342,2025
Wayanad,Grama Panchayat,G12006,Thavinhal,4,VARAYAL,ഷീജ ബാബു,CPI(M),LDF,535,2025
Wayanad,Grama Panchayat,G12006,Thavinhal,5,THAVINJAL 44,മുജീബ്,IUML,UDF,510,2025
Wayanad,Grama Panchayat,G12006,Thavinhal,6,KAITHAKOLLY,രാധ,INC,UDF,417,2025
Wayanad,Grama Panchayat,G12006,Thavinhal,7,PUTHIYIDAM,ലൈജി തോമസ്,INC,UDF,493,2025
Wayanad,Grama Panchayat,G12006,Thavinhal,8,THALAPUZHA,ഷഹീറ ഹുസൈൻ,CPI(M),LDF,512,2025
Wayanad,Grama Panchayat,G12006,Thavinhal,9,IDDIKARA,എല്‍സി ജോയ്,INC,UDF,610,2025
Wayanad,Grama Panchayat,G12006,Thavinhal,10,AMBALAKOLLY,ജോണി പി  ജോർജ്ജ്,INC,UDF,586,2025
Wayanad,Grama Panchayat,G12006,Thavinhal,11,VIMALANAGAR,ടെന്‍സി ഷാജി,INC,UDF,464,2025
Wayanad,Grama Panchayat,G12006,Thavinhal,12,MUTHIRERI,ജോയ്സി,INC,UDF,430,2025
Wayanad,Grama Panchayat,G12006,Thavinhal,13,POROOR,സിന്ധു സന്തോഷ്,CPI(M),LDF,396,2025
Wayanad,Grama Panchayat,G12006,Thavinhal,14,PUTHUR,ശശികുമാർ വി കെ,INC,UDF,584,2025
Wayanad,Grama Panchayat,G12006,Thavinhal,15,KATTIMOOLA,ജോസഫ് മറ്റത്തിലാനിക്കൽ,INC,UDF,446,2025
Wayanad,Grama Panchayat,G12006,Thavinhal,16,KOLANGODE,അനിഷ,CPI(M),LDF,435,2025
Wayanad,Grama Panchayat,G12006,Thavinhal,17,CHULLI,സുഗത നാരായണൻ,INC,UDF,430,2025
Wayanad,Grama Panchayat,G12006,Thavinhal,18,VALAD,എം ജി ബിജു,INC,UDF,579,2025
Wayanad,Grama Panchayat,G12006,Thavinhal,19,EDATHANA,ആൻ്റണി,CPI(M),LDF,495,2025
Wayanad,Grama Panchayat,G12006,Thavinhal,20,KARACHAL,മൈമൂന കല്ലേരി,IUML,UDF,659,2025
Wayanad,Grama Panchayat,G12006,Thavinhal,21,IRUMANATHOOR,ഷൈല ഫ്രാൻസിസ്,INC,UDF,525,2025
Wayanad,Grama Panchayat,G12006,Thavinhal,22,VATTOLI,ഗീത ജിജി,CPI(M),LDF,442,2025
Wayanad,Grama Panchayat,G12006,Thavinhal,23,ALATTIL,ലത ബാലൻ,INC,UDF,523,2025
Wayanad,Grama Panchayat,G12003,Thirunelly,1,THIRUNELLY,സജിത,BJP,NDA,398,2025
Wayanad,Grama Panchayat,G12003,Thirunelly,2,APPAPPARA,ഗോപിനാഥൻ,CPI(M),LDF,522,2025
Wayanad,Grama Panchayat,G12003,Thirunelly,3,ARAMANGALAM,ജയഭാരതി,CPI(M),LDF,522,2025
Wayanad,Grama Panchayat,G12003,Thirunelly,4,ARANAPPARA,ഷര്‍മിനാസ് കെ ടി,CPI(M),LDF,393,2025
Wayanad,Grama Panchayat,G12003,Thirunelly,5,NARIKKAL,ബിന്ദു കുമാരി,CPI(M),LDF,372,2025
Wayanad,Grama Panchayat,G12003,Thirunelly,6,THOLPETTY,സതീഷ്‌കുമാർ,CPI(M),LDF,549,2025
Wayanad,Grama Panchayat,G12003,Thirunelly,7,BEGUR,രാജൻ,CPI(M),LDF,484,2025
Wayanad,Grama Panchayat,G12003,Thirunelly,8,BAVALI,ശ്രീജ,INC,UDF,515,2025
Wayanad,Grama Panchayat,G12003,Thirunelly,9,CHELOOR,പുഷ്പ,IND,OTH,399,2025
Wayanad,Grama Panchayat,G12003,Thirunelly,10,KARTIKULAM,സിജിത്ത്,CPI(M),LDF,662,2025
Wayanad,Grama Panchayat,G12003,Thirunelly,11,OLIYODE,വൈശാഖ് കെ ബി,INC,UDF,548,2025
Wayanad,Grama Panchayat,G12003,Thirunelly,12,THRISSILERY,പ്രമോദ് കെ എ,CPI(M),LDF,573,2025
Wayanad,Grama Panchayat,G12003,Thirunelly,13,KAITHAVALLY,പ്രേമചന്ദ്രൻ,CPI(M),LDF,468,2025
Wayanad,Grama Panchayat,G12003,Thirunelly,14,MULLANKOLLY,അഞ്ജു ബാലൻ,CPI(M),LDF,518,2025
Wayanad,Grama Panchayat,G12003,Thirunelly,15,EDAYOORKUNNU,കാർത്തിക,CPI(M),LDF,515,2025
Wayanad,Grama Panchayat,G12003,Thirunelly,16,ALATHOOR,അബ്ദുള്‍ സലാം,CPI(M),LDF,512,2025
Wayanad,Grama Panchayat,G12003,Thirunelly,17,PANAVALLY,മീനാക്ഷി,CPI(M),LDF,513,2025
Wayanad,Grama Panchayat,G12003,Thirunelly,18,KOOMBARAKUNI,രാജേഷ്,CPI(M),LDF,404,2025
Wayanad,Grama Panchayat,G12003,Thirunelly,19,MUTHUMARI,എല്‍സി,CPI,LDF,374,2025
Wayanad,Grama Panchayat,G12004,Thondernadu,1,KUNHOME,പ്രീത രാമൻ,IUML,UDF,388,2025
Wayanad,Grama Panchayat,G12004,Thondernadu,2,PORLOME,മറിയം (ബിന്ദു ജെയിംസ്),CPI(M),LDF,326,2025
Wayanad,Grama Panchayat,G12004,Thondernadu,3,KARIMBIL,ഗീത,INC,UDF,386,2025
Wayanad,Grama Panchayat,G12004,Thondernadu,4,PALERY,എസ്.എം പ്രമോദ് മാസ്റ്റർ,INC,UDF,432,2025
Wayanad,Grama Panchayat,G12004,Thondernadu,5,VALAVIL,ബെക്സി സണ്ണി,INC,UDF,298,2025
Wayanad,Grama Panchayat,G12004,Thondernadu,6,PUTHUSSERY,ഷിന്റോ കല്ലിങ്കൽ,INC,UDF,442,2025
Wayanad,Grama Panchayat,G12004,Thondernadu,7,THETTAMALA,ശംഭു,CPI(M),LDF,411,2025
Wayanad,Grama Panchayat,G12004,Thondernadu,8,PALLIKKUNNU,പ്രസന്ന ടീച്ചർ,INC,UDF,471,2025
Wayanad,Grama Panchayat,G12004,Thondernadu,9,VELLILADI,ശ്രീജ രാജേഷ്,IUML,UDF,806,2025
Wayanad,Grama Panchayat,G12004,Thondernadu,10,VANHODE,ബീന ജോസഫ്,INC,UDF,416,2025
Wayanad,Grama Panchayat,G12004,Thondernadu,11,KANHIRANGADE,രാമൻ,INC,UDF,381,2025
Wayanad,Grama Panchayat,G12004,Thondernadu,12,MAKKIYAD,ഷെബീറ മൊയ്തു,INC,UDF,568,2025
Wayanad,Grama Panchayat,G12004,Thondernadu,13,KOROME,ഹാരിസ് വാഴയിൽ,IUML,UDF,538,2025
Wayanad,Grama Panchayat,G12004,Thondernadu,14,KOOTTAPPARA,ആലിക്കുട്ടി ആറങ്ങാടൻ,IUML,UDF,364,2025
Wayanad,Grama Panchayat,G12004,Thondernadu,15,NIRAVILPUZHA,രജിഷ,BJP,NDA,424,2025
Wayanad,Grama Panchayat,G12004,Thondernadu,16,MATTILAYAM,ചന്തു മണപ്പാട്ടിൽ,CPI(M),LDF,331,2025
Wayanad,Grama Panchayat,G12004,Thondernadu,17,KUNKICHIRA,മുഹ്സിന്‍ മാസ്റ്റർ,IUML,UDF,407,2025
Wayanad,Grama Panchayat,G12002,Vellamunda,1,KANDATHUVAYAL,സുമേഷ് പി എം,IUML,UDF,666,2025
Wayanad,Grama Panchayat,G12002,Vellamunda,2,VELLAMUNDA 10TH MILE,അബ്ദുൾ സലാം പി കെ,IUML,UDF,637,2025
Wayanad,Grama Panchayat,G12002,Vellamunda,3,PAZHANJANA,ലീല ഗണേശൻ,IUML,UDF,605,2025
Wayanad,Grama Panchayat,G12002,Vellamunda,4,PULINJAL,ആത്തിക്ക ടീച്ചർ,IUML,UDF,658,2025
Wayanad,Grama Panchayat,G12002,Vellamunda,5,VELLAMUNDA 8/4,റംല മുഹമ്മദ്,IUML,UDF,671,2025
Wayanad,Grama Panchayat,G12002,Vellamunda,6,KATTAYAD,കമർ ലൈല,IUML,UDF,788,2025
Wayanad,Grama Panchayat,G12002,Vellamunda,7,KOKKADAVU,അബ്ദുള്ള കണിയാൻക്കണ്ടി,CPI(M),LDF,210,2025
Wayanad,Grama Panchayat,G12002,Vellamunda,8,PARIYARAMUKKU,സുമയ്യ  ചാത്തോത്ത്,IUML,UDF,587,2025
Wayanad,Grama Panchayat,G12002,Vellamunda,9,THARUVANA,മമ്മൂട്ടി മദനി കെ കെ,IUML,UDF,608,2025
Wayanad,Grama Panchayat,G12002,Vellamunda,10,PEECHAMCODE,എഴുത്തൻ മമ്മൂട്ടി,IUML,UDF,689,2025
Wayanad,Grama Panchayat,G12002,Vellamunda,11,KARINGARI,ഉണ്ണാച്ചി മൊയ്‌തു,CPI(M),LDF,375,2025
Wayanad,Grama Panchayat,G12002,Vellamunda,12,KAPPUMKUNNU,അഡ്വ .ബിബിന  ബാബു,CPI(M),LDF,462,2025
Wayanad,Grama Panchayat,G12002,Vellamunda,13,KELLUR,ഷമീർ തുരുത്തിയിൽ,IUML,UDF,573,2025
Wayanad,Grama Panchayat,G12002,Vellamunda,14,KOMMAYAD,ബ്ലെസ്സി തോമസ്,CPI(M),LDF,358,2025
Wayanad,Grama Panchayat,G12002,Vellamunda,15,PALIYANA,രാകേഷ് പാലിയാണ,CPI(M),LDF,317,2025
Wayanad,Grama Panchayat,G12002,Vellamunda,16,MAZHUVANNUR,നാസർ സാവാൻ,IUML,UDF,679,2025
Wayanad,Grama Panchayat,G12002,Vellamunda,17,PULIKKADU,സൗദ കൊടുവേരി,IUML,UDF,633,2025
Wayanad,Grama Panchayat,G12002,Vellamunda,18,CHERUKARA,ബുഷ്റ കോമ്പി,IUML,UDF,501,2025
Wayanad,Grama Panchayat,G12002,Vellamunda,19,OZHUKKANMMOOLA,എം ലതിക,INC,UDF,386,2025
Wayanad,Grama Panchayat,G12002,Vellamunda,20,MANIYIL,ഗീത സി സി,IUML,UDF,499,2025
Wayanad,Grama Panchayat,G12002,Vellamunda,21,MOTHAKKARA,ഷിംന കെ ടി,CPI(M),LDF,394,2025
Wayanad,Grama Panchayat,G12002,Vellamunda,22,VARAMBETTA,കെ സി സുധാകരൻ,INC,UDF,550,2025
Wayanad,Grama Panchayat,G12002,Vellamunda,23,NAROKKADAVU,എം പി സുരേഷ്,CPI(M),LDF,384,2025
Wayanad,Grama Panchayat,G12002,Vellamunda,24,MANGALASSERYMALA,ഷൈജി ഷിബു,IND,OTH,434,2025
Wayanad,Grama Panchayat,G12012,Vengappally,1,ORUVUMMAL,മിഥില എന്‍ കെ,INC,UDF,298,2025
Wayanad,Grama Panchayat,G12012,Vengappally,2,THEKKUMTHARA,വിനീഷ്,INC,UDF,237,2025
Wayanad,Grama Panchayat,G12012,Vengappally,3,KOKKUZHI,നിധിൻ,CPI(M),LDF,280,2025
Wayanad,Grama Panchayat,G12012,Vengappally,4,PUTHUKKUDI,ഷീജ,INC,UDF,236,2025
Wayanad,Grama Panchayat,G12012,Vengappally,5,MURIKKAPPU,ശ്രീജിത്ത് വി,CPI(M),LDF,235,2025
Wayanad,Grama Panchayat,G12012,Vengappally,6,VAVADY,നിജികുമാരി,BJP,NDA,291,2025
Wayanad,Grama Panchayat,G12012,Vengappally,7,APPANAVAYAL,സലിം,INC,UDF,192,2025
Wayanad,Grama Panchayat,G12012,Vengappally,8,VENGAPPALLY,ജാസിർ (ജാസർ പാലക്കൽ),IUML,UDF,303,2025
Wayanad,Grama Panchayat,G12012,Vengappally,9,KODANCHERIKKUNNU,രാമൻ കെ എ,IUML,UDF,289,2025
Wayanad,Grama Panchayat,G12012,Vengappally,10,MANJILERY,പി കെ  വസന്ത,IUML,UDF,375,2025
Wayanad,Grama Panchayat,G12012,Vengappally,11,PINANGODE,ഷര്‍ബിന,IND,OTH,312,2025
Wayanad,Grama Panchayat,G12012,Vengappally,12,MH NAGAR,ഹസീന മുജീബ്,IUML,UDF,341,2025
Wayanad,Grama Panchayat,G12012,Vengappally,13,HIGHSCHOOLKUNNU,ഷമീറ മുത്തലിബ്,IUML,UDF,384,2025
Wayanad,Grama Panchayat,G12012,Vengappally,14,CHOLAPPURAM,രമേഷ് ബാബു,CPI(M),LDF,240,2025
Wayanad,Grama Panchayat,G12013,Vythiri,1,SREEPURAM,ശ്രീജിൻ കുമാർ,CPI(M),LDF,378,2025
Wayanad,Grama Panchayat,G12013,Vythiri,2,KAPPAMKUNNU,വൽസല സദാനന്ദൻ,IUML,UDF,398,2025
Wayanad,Grama Panchayat,G12013,Vythiri,3,KANNANCHATH,ബി. നൗഫൽ,IND,OTH,488,2025
Wayanad,Grama Panchayat,G12013,Vythiri,4,CHUNDALE,ഷൈനി ദേവസ്സി,INC,UDF,321,2025
Wayanad,Grama Panchayat,G12013,Vythiri,5,VYTHIRI,സിനി ജോജി,IND,OTH,328,2025
Wayanad,Grama Panchayat,G12013,Vythiri,6,THALIMALA,കെ.കെ. തോമസ്,CPI,LDF,430,2025
Wayanad,Grama Panchayat,G12013,Vythiri,7,NARANGAKUNNU,ജസ്ന എം. കെ.,CPI,LDF,302,2025
Wayanad,Grama Panchayat,G12013,Vythiri,8,AMBALAKUNNU,ഷൈജു,CPI(M),LDF,270,2025
Wayanad,Grama Panchayat,G12013,Vythiri,9,CHARITY,സാജിത് (ഷാജി കുന്നത്ത്),IND,OTH,382,2025
Wayanad,Grama Panchayat,G12013,Vythiri,10,MULLANPARA,ഡോളി ജോസ്,INC,UDF,382,2025
Wayanad,Grama Panchayat,G12013,Vythiri,11,LAKKIDI,രജനി രവീന്ദ്രൻ,CPI(M),LDF,411,2025
Wayanad,Grama Panchayat,G12013,Vythiri,12,PAZHAYA VYTHIRI,രാജൻ സി.വി.,INC,UDF,401,2025
Wayanad,Grama Panchayat,G12013,Vythiri,13,KOLICHAL,എല്‍സി ജോർജ്ജ്,CPI(M),LDF,588,2025
Wayanad,Grama Panchayat,G12013,Vythiri,14,PANTHRANDAMPALAM,ആർ. രാമചന്ദ്രൻ,INC,UDF,412,2025
Wayanad,Grama Panchayat,G12013,Vythiri,15,VATTAVAYAL,രഞ്ജിത അനിൽ,IND,OTH,398,2025
Wayanad,Block Panchayat,D12001,WAYANAD,1,THAVINHAL,ലിസ്സി ജോസ്,INC,UDF,10204,2025
Wayanad,Block Panchayat,D12001,WAYANAD,2,THIRUNELLY,ജിതിൻ കെ.ആർ.,CPI(M),LDF,12179,2025
Wayanad,Block Panchayat,D12001,WAYANAD,3,PANANMARAM,ബീന സജി,INC,UDF,9398,2025
Wayanad,Block Panchayat,D12001,WAYANAD,4,MULLANKOLLY,ഗിരിജ കൃഷ്ണൻ,INC,UDF,14175,2025
Wayanad,Block Panchayat,D12001,WAYANAD,5,KENICHIRA,അമൽ ജോയ്,INC,UDF,8836,2025
Wayanad,Block Panchayat,D12001,WAYANAD,6,KANIYAMBATTA,സുനില്‍കുമാർ എം.,IUML,UDF,17563,2025
Wayanad,Block Panchayat,D12001,WAYANAD,7,MEENANGADI,ബീന വിജയൻ,CPI(M),LDF,12373,2025
Wayanad,Block Panchayat,D12001,WAYANAD,8,NOOLPUZHA,ഷീജ സതീഷ്,INC,UDF,10298,2025
Wayanad,Block Panchayat,D12001,WAYANAD,9,AMBALAVAYAL,ജിനി തോമസ്,INC,UDF,11200,2025
Wayanad,Block Panchayat,D12001,WAYANAD,10,THOMATTUCHAL,വി. എൻ. ശശീന്ദ്രൻ,INC,UDF,14478,2025
Wayanad,Block Panchayat,D12001,WAYANAD,11,MUTTIL,നസീമ ടീച്ച‍ർ,IUML,UDF,11899,2025
Wayanad,Block Panchayat,D12001,WAYANAD,12,MEPPADI,ടി. ഹംസ,IUML,UDF,10267,2025
Wayanad,Block Panchayat,D12001,WAYANAD,13,VYTHIRI,ചന്ദ്രിക കൃഷ്ണൻ,INC,UDF,13994,2025
Wayanad,Block Panchayat,D12001,WAYANAD,14,PADINHARATHARA,കമലാ രാമൻ,IUML,UDF,13476,2025
Wayanad,Block Panchayat,D12001,WAYANAD,15,THARUVANA,മുഫീദ തെസ്നി പി,IUML,UDF,13292,2025
Wayanad,Block Panchayat,D12001,WAYANAD,16,EDAVAKA,ജില്‍സൺ തൂപ്പുംകര,INC,UDF,10246,2025
Wayanad,Block Panchayat,D12001,WAYANAD,17,VELLAMUNDA,സല്‍മ,IUML,UDF,10290,2025
Wayanad,District Panchayat,D12001,WAYANAD,1,THAVINHAL,ലിസ്സി ജോസ്,INC,UDF,10204,2025
Wayanad,District Panchayat,D12001,WAYANAD,2,THIRUNELLY,ജിതിൻ കെ.ആർ.,CPI(M),LDF,12179,2025
Wayanad,District Panchayat,D12001,WAYANAD,3,PANANMARAM,ബീന സജി,INC,UDF,9398,2025
Wayanad,District Panchayat,D12001,WAYANAD,4,MULLANKOLLY,ഗിരിജ കൃഷ്ണൻ,INC,UDF,14175,2025
Wayanad,District Panchayat,D12001,WAYANAD,5,KENICHIRA,അമൽ ജോയ്,INC,UDF,8836,2025
Wayanad,District Panchayat,D12001,WAYANAD,6,KANIYAMBATTA,സുനില്‍കുമാർ എം.,IUML,UDF,17563,2025
Wayanad,District Panchayat,D12001,WAYANAD,7,MEENANGADI,ബീന വിജയൻ,CPI(M),LDF,12373,2025
Wayanad,District Panchayat,D12001,WAYANAD,8,NOOLPUZHA,ഷീജ സതീഷ്,INC,UDF,10298,2025
Wayanad,District Panchayat,D12001,WAYANAD,9,AMBALAVAYAL,ജിനി തോമസ്,INC,UDF,11200,2025
Wayanad,District Panchayat,D12001,WAYANAD,10,THOMATTUCHAL,വി. എൻ. ശശീന്ദ്രൻ,INC,UDF,14478,2025
Wayanad,District Panchayat,D12001,WAYANAD,11,MUTTIL,നസീമ ടീച്ച‍ർ,IUML,UDF,11899,2025
Wayanad,District Panchayat,D12001,WAYANAD,12,MEPPADI,ടി. ഹംസ,IUML,UDF,10267,2025
Wayanad,District Panchayat,D12001,WAYANAD,13,VYTHIRI,ചന്ദ്രിക കൃഷ്ണൻ,INC,UDF,13994,2025
Wayanad,District Panchayat,D12001,WAYANAD,14,PADINHARATHARA,കമലാ രാമൻ,IUML,UDF,13476,2025
Wayanad,District Panchayat,D12001,WAYANAD,15,THARUVANA,മുഫീദ തെസ്നി പി,IUML,UDF,13292,2025
Wayanad,District Panchayat,D12001,WAYANAD,16,EDAVAKA,ജില്‍സൺ തൂപ്പുംകര,INC,UDF,10246,2025
Wayanad,District Panchayat,D12001,WAYANAD,17,VELLAMUNDA,സല്‍മ,IUML,UDF,10290,2025
Wayanad,Municipality/Corporation,M12051,Kalpetta,1,MANIANGODE,ബിന്ദു,CPI(M),LDF,423,2025
Wayanad,Municipality/Corporation,M12051,Kalpetta,2,PULIYARMALA,രഞ്ജിത്ത് ആർ,BJP,NDA,311,2025
Wayanad,Municipality/Corporation,M12051,Kalpetta,3,GOVERNMENT HIGH SCHOOL,സി.കെ. നിഷ,INC,UDF,392,2025
Wayanad,Municipality/Corporation,M12051,Kalpetta,4,NEDUNGODE,ഷബാന. സി,CPI(M),LDF,461,2025
Wayanad,Municipality/Corporation,M12051,Kalpetta,5,EMILY,ചിത്ര,IND,OTH,363,2025
Wayanad,Municipality/Corporation,M12051,Kalpetta,6,KANYAGURUKULAM,മുഹമ്മദ് റാഫിൽ,CPI(M),LDF,244,2025
Wayanad,Municipality/Corporation,M12051,Kalpetta,7,KAINATTY,ജിതേഷ് വി എ,BJP,NDA,257,2025
Wayanad,Municipality/Corporation,M12051,Kalpetta,8,CIVIL STATION,എ.വി. ദീപ,CPI(M),LDF,315,2025
Wayanad,Municipality/Corporation,M12051,Kalpetta,9,GOODALAI,എം.പി. നവാസ്,IND,OTH,309,2025
Wayanad,Municipality/Corporation,M12051,Kalpetta,10,CHATHOTHU VAYAL,ഷരീഫ ടീച്ചർ,IND,OTH,257,2025
Wayanad,Municipality/Corporation,M12051,Kalpetta,11,MUNICIPAL OFFICE,ഗീത ടീച്ചർ,CPI(M),LDF,241,2025
Wayanad,Municipality/Corporation,M12051,Kalpetta,12,EMILY THADAM,സൗമ്യ. എസ്,CPI,LDF,233,2025
Wayanad,Municipality/Corporation,M12051,Kalpetta,13,AMBILERY,കെ.കെ. കുഞ്ഞമ്മദ്,IUML,UDF,366,2025
Wayanad,Municipality/Corporation,M12051,Kalpetta,14,PALLITHAZHE,മൊയ്തീൻ (എം.പി. ബാപ്പു),IUML,UDF,229,2025
Wayanad,Municipality/Corporation,M12051,Kalpetta,15,GRAMATHU VAYAL,ഹരിത.കെ,IND,OTH,293,2025
Wayanad,Municipality/Corporation,M12051,Kalpetta,16,PUTHIYA BUS STAND,ഗിരീഷ് കല്‍പ്പറ്റ,INC,UDF,235,2025
Wayanad,Municipality/Corporation,M12051,Kalpetta,17,PULPPARA,ഷമീര്‍ ഒടുവിൽ,IUML,UDF,373,2025
Wayanad,Municipality/Corporation,M12051,Kalpetta,18,RATTAKOLLY,രാജാറാണി,INC,UDF,333,2025
Wayanad,Municipality/Corporation,M12051,Kalpetta,19,PUTHOORVAYAL,ബിനി. എ. ആർ,CPI(M),LDF,358,2025
Wayanad,Municipality/Corporation,M12051,Kalpetta,20,MANJALAMKOLLY,വര്‍ഗീസ്,CPI(M),LDF,372,2025
Wayanad,Municipality/Corporation,M12051,Kalpetta,21,MADIYOORKUNI,റീന വാസുദേവൻ,CPI(M),LDF,335,2025
Wayanad,Municipality/Corporation,M12051,Kalpetta,22,PERUMTHATTA,മുഹമ്മദ് (ബാവ),INC,UDF,396,2025
Wayanad,Municipality/Corporation,M12051,Kalpetta,23,VELLARAMKUNNU,രവി. വി.സി,CPI(M),LDF,371,2025
Wayanad,Municipality/Corporation,M12051,Kalpetta,24,ADELAIDE,റജ്ന,CPI(M),LDF,478,2025
Wayanad,Municipality/Corporation,M12051,Kalpetta,25,ONIVAYAL,ശശിധരൻ മാസ്റ്റർ,IND,OTH,260,2025
Wayanad,Municipality/Corporation,M12051,Kalpetta,26,TURKEY,അനീഷ കെ എ,CPI,LDF,279,2025
Wayanad,Municipality/Corporation,M12051,Kalpetta,27,KENDRIYA VIDYALAYAM,ഷാക്കിറ,CPI(M),LDF,285,2025
Wayanad,Municipality/Corporation,M12051,Kalpetta,28,EDAGUNI,പി. വിശ്വനാഥൻ,CPI(M),LDF,424,2025
Wayanad,Municipality/Corporation,M12051,Kalpetta,29,MUNDERI,ടി.ജി. ബീന,CPI(M),LDF,409,2025
Wayanad,Municipality/Corporation,M12051,Kalpetta,30,MARAVAYAL,സരോജിനി,IUML,UDF,362,2025
Wayanad,Municipality/Corporation,M12081,Mananthavadi,1,Pancharakolli,കെ വി ജുബൈർ,CPI(M),LDF,406,2025
Wayanad,Municipality/Corporation,M12081,Mananthavadi,2,jessy,വി കെ ശിവൻ,CPI(M),LDF,342,2025
Wayanad,Municipality/Corporation,M12081,Mananthavadi,3,Pilakkavu,പ്രദീപൻ ( മനോജ് ),INC,UDF,393,2025
Wayanad,Municipality/Corporation,M12081,Mananthavadi,4,Kalliyottu,രജില,INC,UDF,766,2025
Wayanad,Municipality/Corporation,M12081,Mananthavadi,5,Kallumottamkunnu,ജിന്‍ഷ സുനീഷ്,CPI(M),LDF,494,2025
Wayanad,Municipality/Corporation,M12081,Mananthavadi,6,Ambukuthi,റസീന സിദ്ധീഖ്,IUML,UDF,487,2025
Wayanad,Municipality/Corporation,M12081,Mananthavadi,7,Choyimoola,ശരണ്യ എം സി,CPI(M),LDF,449,2025
Wayanad,Municipality/Corporation,M12081,Mananthavadi,8,Ondayangadi,പി ടി ബിജു,CPI(M),LDF,391,2025
Wayanad,Municipality/Corporation,M12081,Mananthavadi,9,Vincent giri,ബിജി എ,INC,UDF,385,2025
Wayanad,Municipality/Corporation,M12081,Mananthavadi,10,Varadimoola,രജനീഷ് എം ആർ,CPI(M),LDF,458,2025
Wayanad,Municipality/Corporation,M12081,Mananthavadi,11,Mudramoola,അനിത,CPI(M),LDF,436,2025
Wayanad,Municipality/Corporation,M12081,Mananthavadi,12,Cheroor,കൗസല്ല്യ അച്ചപ്പൻ,INC,UDF,357,2025
Wayanad,Municipality/Corporation,M12081,Mananthavadi,13,Kurukkanmoola,ഷെല്ലി ജില്‍സ് തെനംകുഴിയിൽ,INC,UDF,420,2025
Wayanad,Municipality/Corporation,M12081,Mananthavadi,14,Kuruva,ഷിബു കെ ജോർജ്ജ്,INC,UDF,463,2025
Wayanad,Municipality/Corporation,M12081,Mananthavadi,15,Kadankolli,ലിസി ജോസ്,INC,UDF,428,2025
Wayanad,Municipality/Corporation,M12081,Mananthavadi,16,Payampalli,ജേക്കബ് സെബാസ്റ്റ്യൻ,INC,UDF,397,2025
Wayanad,Municipality/Corporation,M12081,Mananthavadi,17,Puthiyidam,സബിത വി പി,CPI(M),LDF,386,2025
Wayanad,Municipality/Corporation,M12081,Mananthavadi,18,Koilery,മഞ്ജുള അശോകൻ,INC,UDF,343,2025
Wayanad,Municipality/Corporation,M12081,Mananthavadi,19,Thannikal,സ്മിത അനില്‍കുമാർ,CPI(M),LDF,472,2025
Wayanad,Municipality/Corporation,M12081,Mananthavadi,20,Valliyurkavu,ശരണ്യ ശ്രീജിത്ത്,CPI(M),LDF,520,2025
Wayanad,Municipality/Corporation,M12081,Mananthavadi,21,Mythrinagar,ഷീജ ഫ്രാന്‍സിസ്,INC,UDF,457,2025
Wayanad,Municipality/Corporation,M12081,Mananthavadi,22,Chettapalam,സി.കുഞ്ഞബ്ദുള്ള,IUML,UDF,350,2025
Wayanad,Municipality/Corporation,M12081,Mananthavadi,23,Arattuthara,മനോജ്‌ ഗോപാലന്,INC,UDF,481,2025
Wayanad,Municipality/Corporation,M12081,Mananthavadi,24,Peruvaka,ശശികുമാർ,INC,UDF,390,2025
Wayanad,Municipality/Corporation,M12081,Mananthavadi,25,Thazheyangadi,ഹംസ.പി.കെ,INC,UDF,506,2025
Wayanad,Municipality/Corporation,M12081,Mananthavadi,26,Mananthavady Town,അഡ്വ. സിന്ധു സെബാസ്റ്റ്യൻ,IND,OTH,416,2025
Wayanad,Municipality/Corporation,M12081,Mananthavadi,27,Gorimoola,പി.വി.എസ്. മൂസ,IUML,UDF,279,2025
Wayanad,Municipality/Corporation,M12081,Mananthavadi,28,Erumatheruvu,അന്നമ്മ ജോര്‍ജ്,CPI(M),LDF,316,2025
Wayanad,Municipality/Corporation,M12081,Mananthavadi,29,Club kunnu,സജ്ന  ടീച്ചർ,INC,UDF,233,2025
Wayanad,Municipality/Corporation,M12081,Mananthavadi,30,Pariyaramkunnu,ജോൺ,INC,UDF,406,2025
Wayanad,Municipality/Corporation,M12081,Mananthavadi,31,Ozhakodi,പി.വി.ജോര്‍ജ്,INC,UDF,490,2025
Wayanad,Municipality/Corporation,M12081,Mananthavadi,32,Palakkuli,ലേഖ രാജീവൻ,INC,UDF,473,2025
Wayanad,Municipality/Corporation,M12081,Mananthavadi,33,Kuzhinilam,രാജു മൈക്കിൾ,CPI(M),LDF,382,2025
Wayanad,Municipality/Corporation,M12081,Mananthavadi,34,Kaniyaram,വി.യു.ജോയി,INC,UDF,600,2025
Wayanad,Municipality/Corporation,M12081,Mananthavadi,35,Puthanpura,അഖിലേഷ്.കെ. എസ്,NCPSCP,LDF,533,2025
Wayanad,Municipality/Corporation,M12081,Mananthavadi,36,Kuttimoola,ഉഷാ കേളു,CPI(M),LDF,448,2025
Wayanad,Municipality/Corporation,M12081,Mananthavadi,37,Chirakara,വി.ആർ.പ്രവീജ്,CPI(M),LDF,379,2025
Wayanad,Municipality/Corporation,M12082,Sulthanbethery,1,Aram Mile,അഞ്ജലി ടീച്ചർ,CPI(M),LDF,318,2025
Wayanad,Municipality/Corporation,M12082,Sulthanbethery,2,Chethalayam,ഷെറീന അബ്ദുള്ള,IUML,UDF,391,2025
Wayanad,Municipality/Corporation,M12082,Sulthanbethery,3,Chenadu,സി. കെ. സത്യരാജ്,CPI(M),LDF,343,2025
Wayanad,Municipality/Corporation,M12082,Sulthanbethery,4,Vengur North,കെ. കെ. മൊയ്തു,IUML,UDF,570,2025
Wayanad,Municipality/Corporation,M12082,Sulthanbethery,5,Odappallam,പ്രിയ വിനോദ്,CPI(M),LDF,623,2025
Wayanad,Municipality/Corporation,M12082,Sulthanbethery,6,Vengur South,സംഷാദ് പി.,INC,UDF,554,2025
Wayanad,Municipality/Corporation,M12082,Sulthanbethery,7,Pazheri,വിനോദ് സി.,INC,UDF,482,2025
Wayanad,Municipality/Corporation,M12082,Sulthanbethery,8,Karuvallikunnu,പ്രീത രവി,INC,UDF,435,2025
Wayanad,Municipality/Corporation,M12082,Sulthanbethery,9,Armadu,വിന്‍സി ബൈജു,IND,OTH,554,2025
Wayanad,Municipality/Corporation,M12082,Sulthanbethery,10,Kottakunnu,ലിഷ ടീച്ചർ,CPI(M),LDF,344,2025
Wayanad,Municipality/Corporation,M12082,Sulthanbethery,11,Kidangil,സി. എം. അനിൽ,CPI(M),LDF,288,2025
Wayanad,Municipality/Corporation,M12082,Sulthanbethery,12,Kuppadi,സുപ്രിയ അനില്‍കുമാർ,CPI(M),LDF,457,2025
Wayanad,Municipality/Corporation,M12082,Sulthanbethery,13,Thirunelli,ടോം ജോസ്,KC(M),LDF,406,2025
Wayanad,Municipality/Corporation,M12082,Sulthanbethery,14,Manthandikunnu,രാധ രവീന്ദ്രൻ,INC,UDF,267,2025
Wayanad,Municipality/Corporation,M12082,Sulthanbethery,15,Sathramkunnu,അബ്ദുൾ ഗഫൂർ യു. പി.,CPI(M),LDF,257,2025
Wayanad,Municipality/Corporation,M12082,Sulthanbethery,16,Cheroorkunnu,ഇന്ദ്രജിത്ത് എം. ജി.,INC,UDF,405,2025
Wayanad,Municipality/Corporation,M12082,Sulthanbethery,17,Palakkara,പ്രമോദ് പാളാക്കര,INC,UDF,515,2025
Wayanad,Municipality/Corporation,M12082,Sulthanbethery,18,Thelambatta,വി.എം. യൂനുസ് അലി,INC,UDF,502,2025
Wayanad,Municipality/Corporation,M12082,Sulthanbethery,19,Thoduvetty,രാധ മഹാദേവൻ,INC,UDF,397,2025
Wayanad,Municipality/Corporation,M12082,Sulthanbethery,20,Kaipancheri,ഷിഫാനത്ത് വി. കെ.,IUML,UDF,394,2025
Wayanad,Municipality/Corporation,M12082,Sulthanbethery,21,Mythanikunnu,ഷബർബാൻ (ബാനു പുളിക്കൽ),IUML,UDF,410,2025
Wayanad,Municipality/Corporation,M12082,Sulthanbethery,22,Fairland,രാധ ബാബു,IUML,UDF,353,2025
Wayanad,Municipality/Corporation,M12082,Sulthanbethery,23,C Kunnu,റസീന അബ്ദുല്‍ ഖാദർ,IUML,UDF,354,2025
Wayanad,Municipality/Corporation,M12082,Sulthanbethery,24,Kattayad,നിഷ സാബു,INC,UDF,225,2025
Wayanad,Municipality/Corporation,M12082,Sulthanbethery,25,Sulthan Bathery,സുലഭി മോസസ്,KC,UDF,174,2025
Wayanad,Municipality/Corporation,M12082,Sulthanbethery,26,Pallikandi,ബൽക്കീസ് ഷൗക്കത്തലി,IUML,UDF,371,2025
Wayanad,Municipality/Corporation,M12082,Sulthanbethery,27,Manichira,ഫൗസിയ ടീച്ചർ,IUML,UDF,369,2025
Wayanad,Municipality/Corporation,M12082,Sulthanbethery,28,Kalluvayal,ലീല പാല്‍പ്പാത്ത്,INC,UDF,473,2025
Wayanad,Municipality/Corporation,M12082,Sulthanbethery,29,Poomala,എം. എസ്. വിശ്വനാഥൻ,CPI(M),LDF,289,2025
Wayanad,Municipality/Corporation,M12082,Sulthanbethery,30,Dhottappankulam,എ. പി. പ്രേഷിന്ത്,CPI(M),LDF,287,2025
Wayanad,Municipality/Corporation,M12082,Sulthanbethery,31,Beenachi,കെ. സി. യോഹന്നാൻ,CPI(M),LDF,363,2025
Wayanad,Municipality/Corporation,M12082,Sulthanbethery,32,Poothikkad,ബിന്ദു പ്രമോദ്,CPI(M),LDF,489,2025
Wayanad,Municipality/Corporation,M12082,Sulthanbethery,33,Cheenapullu,നൗഷാദ് മംഗലശ്ശേരി,IND,OTH,404,2025
Wayanad,Municipality/Corporation,M12082,Sulthanbethery,34,Manthamkolli,ഷേര്‍ളി കൃഷ്ണൻ,CPI(M),LDF,451,2025
Wayanad,Municipality/Corporation,M12082,Sulthanbethery,35,Pazhuppathoor,ജയേഷ് ജെ. പി.,BJP,NDA,453,2025
Wayanad,Municipality/Corporation,M12082,Sulthanbethery,36,Kaivattamoola,ഹൈറുന്നീസ റിയാസ്,CPI(M),LDF,446,2025
